	date	death	  0 - 30	30 - 50	50 - 55	55 - 60	60 - 65	65 - 70	70 - 75	75 - 80 	80 - 85	85 - 90	90 - 95	95 - 100	100 u. mehr
0	2016-01-01	2558	37	62	66	109	138	166	249	368	416	471	352	110	14
1	2016-01-02	2422	15	53	66	99	130	155	232	372	399	462	319	103	17
2	2016-01-03	2522	25	69	73	93	116	136	207	402	414	525	342	106	14
3	2016-01-04	2743	23	91	91	93	143	168	256	424	446	527	358	100	23
4	2016-01-05	2633	21	60	84	119	126	170	245	399	424	491	371	96	27
5	2016-01-06	2578	14	75	60	89	157	183	225	386	421	514	345	93	16
6	2016-01-07	2584	20	69	66	94	136	184	215	387	418	489	363	113	30
7	2016-01-08	2765	23	79	72	121	155	191	241	425	464	486	379	110	19
8	2016-01-09	2579	19	59	69	97	131	161	235	389	468	489	339	103	20
9	2016-01-10	2585	26	72	71	97	130	162	194	401	433	531	364	85	19
10	2016-01-11	2751	22	77	67	128	153	163	244	412	469	508	373	116	19
11	2016-01-12	2627	24	68	57	106	146	177	205	374	455	534	369	92	20
12	2016-01-13	2698	24	72	75	104	133	189	237	419	445	540	327	106	27
13	2016-01-14	2581	18	68	72	105	151	153	237	383	407	504	373	92	18
14	2016-01-15	2657	22	81	70	108	134	185	219	377	463	512	365	99	22
15	2016-01-16	2627	15	67	62	96	144	167	237	415	470	470	363	103	18
16	2016-01-17	2498	24	73	59	98	122	171	206	357	430	502	341	100	15
17	2016-01-18	2624	14	69	79	87	136	187	242	380	418	509	385	94	24
18	2016-01-19	2641	25	76	67	118	100	180	231	393	440	507	377	104	23
19	2016-01-20	2640	18	66	72	111	137	185	225	401	431	480	375	117	22
20	2016-01-21	2685	15	75	71	97	130	177	235	433	456	503	378	94	21
21	2016-01-22	2668	16	65	60	91	122	174	242	416	457	517	392	99	17
22	2016-01-23	2688	22	73	69	95	154	153	254	413	454	519	365	102	15
23	2016-01-24	2681	15	73	57	84	134	174	224	407	487	528	357	119	22
24	2016-01-25	2777	18	72	80	113	146	206	228	407	463	515	404	105	20
25	2016-01-26	2679	24	81	72	103	149	176	261	385	440	512	357	103	16
26	2016-01-27	2691	32	57	63	109	143	174	248	431	439	510	340	123	22
27	2016-01-28	2639	20	72	73	96	137	185	217	414	444	498	352	106	25
28	2016-01-29	2755	19	72	47	110	124	168	222	441	519	539	374	98	22
29	2016-01-30	2650	19	70	74	90	127	176	225	412	420	521	375	117	24
30	2016-01-31	2516	28	78	73	81	119	159	237	365	411	475	370	89	31
31	2016-02-01	2683	28	96	66	91	146	182	240	419	447	497	354	95	22
32	2016-02-02	2745	22	76	83	90	139	179	247	406	454	560	366	104	19
33	2016-02-03	2518	23	66	65	107	111	172	253	388	401	479	338	94	21
34	2016-02-04	2579	19	73	59	90	138	158	223	415	452	508	325	101	18
35	2016-02-05	2649	24	74	72	97	138	175	221	419	471	500	346	91	21
36	2016-02-06	2700	23	78	71	99	123	162	245	401	485	513	361	115	24
37	2016-02-07	2619	18	74	80	94	148	179	241	404	414	497	336	117	17
38	2016-02-08	2663	22	82	86	114	127	162	224	436	437	537	324	96	16
39	2016-02-09	2640	26	79	70	113	155	145	247	372	443	522	364	87	17
40	2016-02-10	2751	19	68	89	112	154	199	249	405	450	546	350	90	20
41	2016-02-11	2594	25	65	65	100	137	189	240	375	449	498	330	105	16
42	2016-02-12	2620	23	69	76	116	122	180	224	383	428	501	350	114	34
43	2016-02-13	2701	23	62	67	113	144	173	226	395	472	487	411	112	16
44	2016-02-14	2572	27	71	65	97	144	162	190	374	437	509	352	127	17
45	2016-02-15	2643	22	74	74	104	154	162	225	401	475	423	376	132	21
46	2016-02-16	2506	12	75	74	107	121	170	228	367	445	445	352	89	21
47	2016-02-17	2671	16	70	65	110	162	185	205	383	455	523	358	119	20
48	2016-02-18	2673	23	75	56	114	128	196	245	427	473	466	366	82	22
49	2016-02-19	2730	30	70	68	85	133	180	287	433	446	514	368	94	22
50	2016-02-20	2661	23	67	76	107	130	172	235	406	457	513	362	93	20
51	2016-02-21	2599	20	64	55	99	127	168	237	395	449	513	346	103	23
52	2016-02-22	2706	24	66	73	110	146	177	215	413	426	555	383	94	24
53	2016-02-23	2684	27	77	58	94	128	167	244	434	453	541	337	100	24
54	2016-02-24	2618	20	66	75	113	157	172	246	368	458	471	344	112	16
55	2016-02-25	2658	17	55	79	100	136	168	228	407	477	499	369	99	24
56	2016-02-26	2703	19	69	64	101	147	167	272	415	464	457	387	117	24
57	2016-02-27	2585	21	67	61	102	148	160	206	383	424	502	388	101	22
58	2016-02-28	2521	25	86	69	95	146	177	199	390	410	493	320	91	20
59	2016-02-29	2627	20	77	69	97	141	173	242	430	436	487	341	103	11
60	2016-03-01	2693	17	69	69	100	149	170	237	393	450	539	378	103	19
61	2016-03-02	2794	24	68	65	107	174	178	241	425	511	506	367	107	21
62	2016-03-03	2730	36	71	66	94	149	178	248	393	465	526	383	97	24
63	2016-03-04	2803	16	72	56	107	150	199	284	438	462	513	372	116	18
64	2016-03-05	2655	28	69	53	95	138	157	236	426	456	498	369	114	16
65	2016-03-06	2625	20	76	79	98	136	163	227	371	459	528	346	109	13
66	2016-03-07	2690	20	87	80	117	149	150	260	378	460	507	355	111	16
67	2016-03-08	2754	16	71	68	112	133	192	274	366	479	509	405	111	18
68	2016-03-09	2769	20	84	66	93	128	184	256	428	436	546	381	119	28
69	2016-03-10	2682	25	57	70	100	135	200	229	420	466	505	347	106	22
70	2016-03-11	2714	31	70	74	116	141	176	244	397	472	488	366	118	21
71	2016-03-12	2613	14	73	62	104	140	194	227	404	454	465	360	97	19
72	2016-03-13	2666	21	78	73	111	140	159	236	410	463	536	329	88	22
73	2016-03-14	2727	24	66	71	107	155	186	215	441	444	532	367	95	24
74	2016-03-15	2715	17	72	73	112	130	180	239	438	468	521	344	101	20
75	2016-03-16	2686	19	71	61	113	137	170	236	395	465	506	376	104	33
76	2016-03-17	2813	29	83	84	99	144	212	223	455	481	515	380	86	22
77	2016-03-18	2711	24	74	69	97	139	155	228	468	448	528	350	114	17
78	2016-03-19	2691	28	82	91	92	124	164	224	424	454	504	375	108	21
79	2016-03-20	2628	26	76	56	90	120	177	229	392	464	480	375	120	23
80	2016-03-21	2788	29	76	68	103	159	169	221	433	495	522	365	127	21
81	2016-03-22	2748	20	63	65	103	150	200	275	431	459	477	359	120	26
82	2016-03-23	2811	29	69	84	115	147	186	231	418	489	532	381	116	14
83	2016-03-24	2660	25	61	61	105	165	175	244	416	440	475	373	103	17
84	2016-03-25	2676	21	72	61	107	135	165	241	415	447	524	362	97	29
85	2016-03-26	2656	24	85	72	108	133	150	267	403	455	482	348	109	20
86	2016-03-27	2487	26	67	64	85	124	141	221	397	438	467	345	93	19
87	2016-03-28	2551	36	72	61	103	123	181	208	397	405	499	364	80	22
88	2016-03-29	2757	25	73	76	116	146	180	248	451	446	496	364	106	30
89	2016-03-30	2668	19	79	78	91	143	171	243	418	461	469	358	114	24
90	2016-03-31	2708	24	87	70	107	137	171	248	409	438	502	389	112	14
91	2016-04-01	2675	22	76	58	117	142	179	257	401	444	489	360	113	17
92	2016-04-02	2637	22	83	61	83	122	173	242	379	455	512	369	111	25
93	2016-04-03	2621	31	83	60	98	130	179	222	400	450	491	347	112	18
94	2016-04-04	2695	23	62	83	107	138	204	244	410	435	502	369	95	23
95	2016-04-05	2707	24	60	68	106	147	166	246	419	453	538	347	108	25
96	2016-04-06	2650	11	69	68	89	160	145	241	420	452	506	349	124	16
97	2016-04-07	2584	21	72	58	110	122	182	221	416	429	479	342	111	21
98	2016-04-08	2653	16	79	82	108	141	169	212	387	434	543	342	120	20
99	2016-04-09	2533	24	69	45	106	121	160	240	380	444	488	334	105	17
100	2016-04-10	2423	22	64	54	108	114	162	203	360	374	480	352	112	18
101	2016-04-11	2546	22	71	65	110	139	177	238	416	386	483	325	100	14
102	2016-04-12	2618	16	66	87	104	131	169	243	398	437	477	363	108	19
103	2016-04-13	2621	25	64	69	108	145	168	256	402	449	486	329	97	23
104	2016-04-14	2518	17	59	76	90	142	160	230	423	400	497	319	92	13
105	2016-04-15	2544	12	61	85	91	120	172	211	412	414	496	345	110	15
106	2016-04-16	2471	16	54	59	96	122	150	227	389	406	471	361	97	23
107	2016-04-17	2394	27	58	73	96	110	164	215	384	380	439	331	100	17
108	2016-04-18	2370	14	74	53	104	135	135	202	363	420	442	322	92	14
109	2016-04-19	2351	15	76	58	89	128	170	232	365	372	460	271	98	17
110	2016-04-20	2425	25	69	67	98	112	159	208	372	421	445	322	104	23
111	2016-04-21	2422	25	70	68	77	136	163	235	345	419	449	336	82	17
112	2016-04-22	2466	24	72	65	96	138	183	194	381	420	456	323	97	17
113	2016-04-23	2428	31	81	77	104	114	134	207	400	395	458	325	87	15
114	2016-04-24	2313	16	58	49	102	127	136	227	346	422	439	281	95	15
115	2016-04-25	2423	19	69	64	111	136	148	191	364	425	442	344	99	11
116	2016-04-26	2437	20	70	65	89	147	184	237	379	382	441	305	96	22
117	2016-04-27	2502	20	68	48	100	133	139	225	375	474	440	356	113	11
118	2016-04-28	2413	19	67	65	82	136	158	215	381	405	458	308	99	20
119	2016-04-29	2379	15	75	72	78	137	159	208	349	419	452	299	105	11
120	2016-04-30	2497	23	79	56	81	136	151	211	384	416	492	346	101	21
121	2016-05-01	2402	28	53	56	75	123	158	210	390	398	468	341	90	12
122	2016-05-02	2491	20	65	73	115	145	173	185	350	414	469	352	97	33
123	2016-05-03	2396	24	55	74	101	132	170	195	363	430	457	286	96	13
124	2016-05-04	2413	32	67	54	82	120	169	230	362	399	464	336	87	11
125	2016-05-05	2226	21	74	62	81	94	146	196	326	408	431	294	80	13
126	2016-05-06	2505	31	61	65	93	149	161	214	385	415	478	335	102	16
127	2016-05-07	2503	17	64	53	93	127	161	219	390	448	474	336	104	17
128	2016-05-08	2367	18	77	67	104	121	151	213	367	395	451	300	93	10
129	2016-05-09	2552	20	72	86	107	120	188	231	376	413	490	333	100	16
130	2016-05-10	2648	31	80	82	100	157	176	233	399	437	473	346	111	23
131	2016-05-11	2600	23	76	76	127	137	138	222	380	468	456	350	127	20
132	2016-05-12	2573	26	68	51	102	117	183	215	394	461	476	347	104	29
133	2016-05-13	2562	26	87	64	106	134	175	225	368	470	453	330	106	18
134	2016-05-14	2399	20	80	65	84	121	153	202	377	396	446	329	108	18
135	2016-05-15	2295	17	69	54	68	108	131	210	351	430	428	316	103	10
136	2016-05-16	2278	26	43	71	97	103	145	197	331	411	450	280	105	19
137	2016-05-17	2340	25	83	59	80	119	185	198	346	420	440	288	79	18
138	2016-05-18	2332	20	74	63	94	115	163	217	358	369	455	294	91	19
139	2016-05-19	2442	25	58	64	81	125	162	233	357	442	471	315	93	16
140	2016-05-20	2410	22	61	64	91	139	188	211	371	392	452	329	78	12
141	2016-05-21	2401	19	65	63	88	132	174	198	366	431	430	314	100	21
142	2016-05-22	2398	25	72	56	96	108	153	205	355	428	468	317	97	18
143	2016-05-23	2407	19	69	77	74	113	165	219	368	425	451	299	104	24
144	2016-05-24	2344	28	65	54	91	124	160	213	346	396	438	317	91	21
145	2016-05-25	2402	27	65	87	93	118	174	211	350	433	441	285	99	19
146	2016-05-26	2194	26	56	55	96	120	158	185	314	339	413	312	106	14
147	2016-05-27	2346	22	72	66	83	128	176	190	360	406	437	293	93	20
148	2016-05-28	2309	15	61	50	84	116	174	166	334	437	421	339	91	21
149	2016-05-29	2284	21	55	63	97	113	144	215	338	382	425	300	110	21
150	2016-05-30	2361	25	82	65	89	133	168	180	355	423	434	302	83	22
151	2016-05-31	2345	15	64	60	99	150	152	196	354	399	437	303	93	23
152	2016-06-01	2369	30	64	72	94	126	173	182	377	386	454	291	105	15
153	2016-06-02	2416	21	62	73	101	127	173	205	388	431	385	336	97	17
154	2016-06-03	2349	24	72	68	91	133	164	192	375	374	464	283	96	13
155	2016-06-04	2338	13	66	57	105	120	150	189	351	414	456	314	86	17
156	2016-06-05	2168	23	61	45	84	117	138	202	347	367	392	291	83	18
157	2016-06-06	2378	23	70	70	97	148	144	194	389	373	427	310	113	20
158	2016-06-07	2334	22	62	77	91	124	151	204	358	381	436	320	88	20
159	2016-06-08	2355	16	69	59	85	128	154	229	358	417	396	334	93	17
160	2016-06-09	2177	26	63	57	82	117	140	192	333	386	399	284	83	15
161	2016-06-10	2265	27	64	68	115	108	147	191	352	395	415	274	95	14
162	2016-06-11	2121	23	80	62	86	101	124	195	334	350	379	297	78	12
163	2016-06-12	2169	25	66	61	90	117	154	156	350	344	394	289	105	18
164	2016-06-13	2293	20	62	65	99	112	147	212	335	401	426	300	94	20
165	2016-06-14	2288	23	51	71	86	120	149	194	372	409	428	273	102	10
166	2016-06-15	2259	17	59	53	78	131	146	215	345	383	436	290	90	16
167	2016-06-16	2370	15	69	71	92	129	163	222	340	406	408	330	108	17
168	2016-06-17	2208	20	60	56	74	108	146	190	393	364	408	281	83	25
169	2016-06-18	2186	25	57	54	99	123	157	209	320	336	420	276	95	15
170	2016-06-19	2113	24	56	64	92	118	129	178	371	365	344	289	66	17
171	2016-06-20	2314	19	71	78	107	144	152	222	361	367	431	273	81	8
172	2016-06-21	2346	12	82	51	88	124	159	226	367	382	437	309	91	18
173	2016-06-22	2506	24	74	83	110	137	172	236	374	454	452	280	99	11
174	2016-06-23	2475	19	54	74	111	139	190	221	375	407	469	305	88	23
175	2016-06-24	2712	24	82	85	111	145	177	233	416	467	483	351	115	23
176	2016-06-25	2492	23	59	58	103	161	173	220	386	415	461	322	93	18
177	2016-06-26	2065	17	68	53	69	114	141	174	308	353	388	260	100	20
178	2016-06-27	2191	20	65	38	95	128	159	202	331	379	381	296	86	11
179	2016-06-28	2302	22	56	59	85	119	169	197	355	404	406	310	111	9
180	2016-06-29	2348	26	68	70	89	143	172	214	349	399	431	286	85	16
181	2016-06-30	2279	25	73	57	92	130	158	201	330	420	382	306	93	12
182	2016-07-01	2431	35	75	59	91	115	157	225	374	426	460	312	82	20
183	2016-07-02	2145	23	55	53	99	102	135	187	341	358	413	285	83	11
184	2016-07-03	2003	18	69	38	88	93	127	159	344	357	362	247	90	11
185	2016-07-04	2298	22	75	68	117	141	143	185	361	380	396	297	95	18
186	2016-07-05	2368	19	79	72	112	136	153	225	374	365	432	303	85	13
187	2016-07-06	2231	23	67	60	101	125	161	196	327	374	399	292	90	16
188	2016-07-07	2261	30	71	57	98	126	167	197	351	368	394	304	87	11
189	2016-07-08	2455	21	67	77	100	147	163	209	384	391	467	315	101	13
190	2016-07-09	2284	23	71	64	74	106	151	202	356	405	406	312	102	12
191	2016-07-10	2332	28	72	53	83	121	154	206	370	401	437	295	90	22
192	2016-07-11	2559	25	58	80	108	133	174	200	392	453	493	309	114	20
193	2016-07-12	2435	24	67	63	106	132	160	239	355	405	453	328	83	20
194	2016-07-13	2313	26	75	55	91	123	150	203	360	367	438	299	109	17
195	2016-07-14	2216	23	47	56	83	120	142	185	352	408	402	289	94	15
196	2016-07-15	2139	24	63	51	85	121	157	167	312	390	393	271	90	15
197	2016-07-16	2225	18	60	54	90	133	153	200	292	418	422	277	95	13
198	2016-07-17	2285	15	76	58	89	126	134	205	375	369	450	289	84	15
199	2016-07-18	2294	23	59	61	92	112	169	213	333	395	395	325	104	13
200	2016-07-19	2316	18	75	83	94	139	170	193	328	405	430	300	72	9
201	2016-07-20	2441	26	71	72	112	114	156	211	365	428	430	349	90	17
202	2016-07-21	2593	24	62	62	107	139	193	242	381	439	498	321	108	17
203	2016-07-22	2659	34	71	66	114	136	167	242	427	431	499	349	112	11
204	2016-07-23	2366	25	78	54	86	135	182	198	354	401	417	312	112	12
205	2016-07-24	2316	27	71	49	79	123	162	201	325	385	449	309	116	20
206	2016-07-25	2449	26	77	63	102	142	171	201	354	444	437	311	107	14
207	2016-07-26	2345	14	67	74	80	117	171	197	326	392	484	314	91	18
208	2016-07-27	2267	23	68	63	67	126	173	205	336	376	423	284	106	17
209	2016-07-28	2313	15	64	56	92	122	158	196	362	428	416	311	79	14
210	2016-07-29	2311	22	60	63	96	115	145	216	369	386	415	300	101	23
211	2016-07-30	2250	28	77	61	94	128	170	214	316	363	398	300	85	16
212	2016-07-31	2222	26	64	52	74	118	152	200	361	356	430	292	86	11
213	2016-08-01	2197	25	69	62	81	111	167	200	349	363	401	256	93	20
214	2016-08-02	2216	21	63	59	95	119	141	183	324	384	440	277	98	12
215	2016-08-03	2305	17	75	55	84	136	146	216	354	389	424	295	103	11
216	2016-08-04	2269	26	58	60	92	105	154	194	339	381	431	299	114	16
217	2016-08-05	2202	23	67	62	89	113	156	182	317	386	424	275	91	17
218	2016-08-06	2149	24	59	62	80	89	152	199	326	395	398	275	73	17
219	2016-08-07	2101	20	51	53	88	108	142	202	314	361	386	265	99	12
220	2016-08-08	2307	18	70	64	101	120	194	194	336	416	404	271	107	12
221	2016-08-09	2134	25	72	53	76	117	162	205	315	348	409	259	77	16
222	2016-08-10	2191	20	51	68	90	118	145	193	354	359	383	297	98	15
223	2016-08-11	2107	15	58	58	91	125	136	181	323	381	367	276	87	9
224	2016-08-12	2229	15	54	78	93	119	154	193	340	361	408	304	96	14
225	2016-08-13	2327	27	74	65	103	118	194	197	361	343	431	315	82	17
226	2016-08-14	2192	18	65	49	90	134	156	184	336	353	407	284	95	21
227	2016-08-15	2394	16	66	67	100	129	172	186	364	415	471	295	99	14
228	2016-08-16	2238	18	66	52	97	129	159	192	317	408	399	297	85	19
229	2016-08-17	2375	21	77	63	114	159	141	205	341	386	443	305	108	12
230	2016-08-18	2366	19	77	57	95	112	182	184	372	402	429	306	114	17
231	2016-08-19	2324	20	72	47	92	121	155	191	347	424	422	329	87	17
232	2016-08-20	2319	24	63	47	89	123	152	217	360	420	390	322	96	16
233	2016-08-21	2242	20	62	67	89	120	154	182	339	349	444	309	89	18
234	2016-08-22	2321	23	67	63	88	128	156	200	359	430	393	295	101	18
235	2016-08-23	2330	14	59	55	90	153	139	200	351	427	419	314	90	19
236	2016-08-24	2479	24	68	63	83	135	149	224	418	432	462	318	87	16
237	2016-08-25	2479	22	67	74	92	133	166	209	404	399	478	312	105	18
238	2016-08-26	2511	28	65	61	96	134	180	195	405	441	499	292	101	14
239	2016-08-27	2487	30	66	53	95	120	184	198	347	433	501	321	112	27
240	2016-08-28	2540	24	78	70	103	130	171	192	349	434	511	359	100	19
241	2016-08-29	2441	26	70	63	95	141	166	226	390	402	401	334	110	17
242	2016-08-30	2254	28	55	68	91	136	176	201	346	385	386	285	87	10
243	2016-08-31	2269	25	65	67	86	126	138	197	347	431	384	302	87	14
244	2016-09-01	2419	23	65	49	105	107	186	230	384	434	424	311	83	18
245	2016-09-02	2294	33	57	67	78	137	159	202	370	375	415	295	94	12
246	2016-09-03	2217	15	66	56	87	105	153	197	328	394	415	276	111	14
247	2016-09-04	2207	26	58	73	83	106	143	178	341	391	384	291	118	15
248	2016-09-05	2214	22	73	56	106	118	153	213	309	351	446	269	92	6
249	2016-09-06	2299	22	53	67	96	131	164	172	342	399	438	298	102	15
250	2016-09-07	2283	25	74	71	89	129	163	173	335	388	430	283	94	29
251	2016-09-08	2398	21	80	56	101	114	155	225	396	405	422	319	88	16
252	2016-09-09	2432	30	77	74	88	130	162	204	366	404	477	313	94	13
253	2016-09-10	2229	21	62	56	88	110	136	168	320	431	424	291	105	17
254	2016-09-11	2261	20	57	68	76	118	159	181	357	388	437	284	98	18
255	2016-09-12	2337	28	70	58	98	130	150	167	366	405	456	292	98	19
256	2016-09-13	2440	23	74	71	89	135	175	199	361	418	473	306	98	18
257	2016-09-14	2435	21	73	65	106	132	147	198	368	442	450	310	111	12
258	2016-09-15	2421	27	78	64	91	119	168	193	378	403	433	333	104	30
259	2016-09-16	2367	23	61	57	92	117	172	219	345	392	478	302	94	15
260	2016-09-17	2262	11	70	49	101	113	165	193	356	374	441	291	89	9
261	2016-09-18	2110	33	59	38	85	110	153	191	293	378	399	284	74	13
262	2016-09-19	2221	24	64	52	89	109	154	218	363	379	388	281	87	13
263	2016-09-20	2234	26	75	50	82	113	146	200	340	387	417	300	89	9
264	2016-09-21	2251	18	61	51	102	132	157	189	345	366	445	309	63	13
265	2016-09-22	2185	15	58	69	94	114	172	172	343	333	385	312	105	13
266	2016-09-23	2230	23	67	55	80	101	168	201	325	398	401	290	103	18
267	2016-09-24	2301	31	69	51	92	119	166	216	328	368	401	316	124	20
268	2016-09-25	2184	16	55	57	87	113	146	177	313	380	413	327	83	17
269	2016-09-26	2328	24	78	68	103	132	171	182	376	367	409	302	101	15
270	2016-09-27	2363	25	55	59	115	134	163	215	367	366	458	286	106	14
271	2016-09-28	2266	27	80	58	111	100	149	172	345	386	426	294	110	8
272	2016-09-29	2378	23	57	50	103	118	161	173	356	444	475	319	92	7
273	2016-09-30	2471	17	75	57	113	123	162	245	367	424	469	320	84	15
274	2016-10-01	2259	20	60	52	61	129	164	157	345	410	442	307	99	13
275	2016-10-02	2271	25	54	75	83	107	168	193	351	380	420	309	93	13
276	2016-10-03	2219	24	64	73	96	108	168	159	363	363	388	305	93	15
277	2016-10-04	2307	29	63	76	123	124	150	164	341	409	428	279	104	17
278	2016-10-05	2294	20	62	56	83	129	158	216	347	380	400	325	94	24
279	2016-10-06	2429	21	70	73	110	123	169	237	317	405	451	325	108	20
280	2016-10-07	2368	19	73	54	104	121	153	218	368	403	422	311	110	12
281	2016-10-08	2443	28	66	64	89	141	149	176	419	442	455	298	107	9
282	2016-10-09	2292	15	73	57	90	107	180	201	347	372	438	305	91	16
283	2016-10-10	2403	31	75	59	86	122	176	202	361	425	446	297	100	23
284	2016-10-11	2415	22	60	62	115	104	175	182	360	430	440	324	126	15
285	2016-10-12	2447	33	68	68	89	121	189	202	357	407	476	323	110	4
286	2016-10-13	2479	23	60	66	105	147	143	211	355	436	463	335	120	15
287	2016-10-14	2593	24	86	65	106	152	160	235	398	437	495	318	99	18
288	2016-10-15	2619	25	55	54	89	114	180	214	407	463	490	395	110	23
289	2016-10-16	2471	34	69	52	91	122	167	210	380	402	462	358	105	19
290	2016-10-17	2531	23	79	75	88	114	181	200	420	412	471	339	109	20
291	2016-10-18	2604	29	71	82	88	132	169	220	388	454	514	325	116	16
292	2016-10-19	2561	12	53	68	115	144	159	211	395	443	488	348	111	14
293	2016-10-20	2501	22	67	73	99	124	175	202	367	445	442	358	109	18
294	2016-10-21	2566	25	61	61	98	129	141	228	383	433	502	370	118	17
295	2016-10-22	2406	18	50	66	94	127	180	202	384	398	473	306	97	11
296	2016-10-23	2430	20	74	42	86	110	153	219	368	464	439	325	113	17
297	2016-10-24	2588	14	71	72	101	124	197	207	376	447	492	352	108	27
298	2016-10-25	2475	24	75	50	113	132	156	188	399	439	436	351	98	14
299	2016-10-26	2556	24	83	57	110	114	188	217	386	443	495	326	94	19
300	2016-10-27	2446	24	56	54	89	137	156	207	358	463	474	305	113	10
301	2016-10-28	2596	8	65	83	91	135	171	233	405	415	519	342	113	16
302	2016-10-29	2476	14	71	60	116	120	173	167	389	468	426	349	98	25
303	2016-10-30	2449	18	54	60	93	143	159	188	360	407	467	366	109	25
304	2016-10-31	2507	22	78	63	102	133	180	203	372	452	435	345	107	15
305	2016-11-01	2523	30	61	79	95	123	152	216	367	447	461	350	123	19
306	2016-11-02	2553	21	73	65	103	145	157	230	397	427	455	352	112	16
307	2016-11-03	2462	21	69	53	90	117	153	207	376	458	444	339	120	15
308	2016-11-04	2545	18	82	53	95	132	162	209	397	457	465	343	106	26
309	2016-11-05	2581	21	68	62	88	147	183	220	366	443	486	352	128	17
310	2016-11-06	2409	23	71	67	76	114	147	209	350	443	457	332	108	12
311	2016-11-07	2525	26	72	76	100	126	164	207	383	432	485	333	103	18
312	2016-11-08	2522	26	60	84	84	127	164	189	389	445	478	337	126	13
313	2016-11-09	2520	15	65	56	107	138	183	209	361	415	502	341	109	19
314	2016-11-10	2593	25	58	62	97	131	186	215	404	443	465	346	136	25
315	2016-11-11	2553	28	61	61	87	134	172	212	380	441	482	353	122	20
316	2016-11-12	2543	19	67	65	94	135	201	188	405	405	492	347	115	10
317	2016-11-13	2526	22	58	61	99	142	158	205	377	460	477	349	102	16
318	2016-11-14	2588	16	63	60	85	140	170	193	410	445	504	373	113	16
319	2016-11-15	2598	26	61	65	98	144	168	229	358	450	518	351	113	17
320	2016-11-16	2770	26	58	52	112	131	173	214	458	521	505	390	116	14
321	2016-11-17	2613	19	72	54	117	126	176	222	393	467	467	360	120	20
322	2016-11-18	2677	30	65	67	99	142	188	235	439	450	490	328	120	24
323	2016-11-19	2711	30	68	59	84	137	162	211	393	481	576	378	107	25
324	2016-11-20	2634	35	72	65	100	125	159	222	394	454	522	360	104	22
325	2016-11-21	2541	25	82	61	95	125	145	212	350	447	492	362	128	17
326	2016-11-22	2577	14	79	57	98	142	146	219	400	444	461	359	136	22
327	2016-11-23	2577	26	56	67	103	122	170	204	418	470	460	359	103	19
328	2016-11-24	2581	23	67	54	98	117	172	215	388	439	518	344	129	17
329	2016-11-25	2618	20	72	69	96	119	172	221	388	453	512	346	125	25
330	2016-11-26	2568	25	56	52	80	141	164	204	396	465	517	336	113	19
331	2016-11-27	2449	17	68	52	86	118	144	192	405	428	462	346	104	27
332	2016-11-28	2521	17	72	73	103	107	164	189	386	489	502	298	110	11
333	2016-11-29	2551	19	68	61	112	134	173	210	388	470	477	335	91	13
334	2016-11-30	2622	30	86	67	110	122	189	197	393	445	497	347	110	29
335	2016-12-01	2658	21	73	86	81	143	167	185	424	492	516	341	116	13
336	2016-12-02	2754	21	67	54	115	133	187	241	412	457	540	387	121	19
337	2016-12-03	2532	14	62	81	113	140	154	224	354	401	492	358	124	15
338	2016-12-04	2509	28	61	66	98	121	176	195	350	443	463	370	114	24
339	2016-12-05	2658	24	72	61	114	132	152	214	436	442	529	348	117	17
340	2016-12-06	2662	21	64	75	100	140	156	223	417	461	502	383	101	19
341	2016-12-07	2678	23	67	59	111	124	186	236	401	439	483	411	127	11
342	2016-12-08	2706	12	72	72	91	134	197	221	422	463	516	373	109	24
343	2016-12-09	2727	23	85	66	118	130	173	220	378	513	510	385	111	15
344	2016-12-10	2699	27	67	61	94	116	183	214	403	492	540	346	132	24
345	2016-12-11	2663	19	54	63	93	140	163	232	402	451	545	377	104	20
346	2016-12-12	2704	22	68	63	86	137	184	219	411	475	517	370	131	21
347	2016-12-13	2718	29	71	59	77	123	180	232	439	497	506	356	122	27
348	2016-12-14	2700	22	60	56	98	131	181	215	395	470	515	395	141	21
349	2016-12-15	2784	26	82	70	94	147	209	241	423	471	512	366	127	16
350	2016-12-16	2662	23	72	71	102	146	159	218	418	439	517	348	130	19
351	2016-12-17	2629	22	61	55	95	137	190	214	394	422	510	395	108	26
352	2016-12-18	2688	22	64	68	93	112	145	225	421	478	532	383	131	14
353	2016-12-19	2748	18	86	68	99	165	185	229	434	455	521	356	113	19
354	2016-12-20	2788	24	82	74	93	122	171	214	442	480	505	423	137	21
355	2016-12-21	2716	23	71	66	76	132	181	206	441	501	506	353	128	32
356	2016-12-22	2765	27	69	50	116	133	179	246	413	494	516	377	124	21
357	2016-12-23	2729	20	62	73	106	141	187	218	407	506	519	350	116	24
358	2016-12-24	2918	18	71	62	100	136	193	264	440	501	561	414	143	15
359	2016-12-25	2712	19	48	59	83	145	190	176	418	526	521	392	120	15
360	2016-12-26	2781	18	62	52	97	116	169	210	446	495	541	425	128	22
361	2016-12-27	2839	27	62	63	90	145	200	242	428	464	541	420	131	26
362	2016-12-28	2831	14	80	60	102	155	196	236	426	470	535	397	138	22
363	2016-12-29	2751	19	66	57	92	117	176	246	406	488	522	413	123	26
364	2016-12-30	2834	30	61	66	108	131	192	231	391	521	536	409	140	18
365	2016-12-31	2796	25	78	72	93	127	159	231	413	497	554	409	118	20
366	2017-01-01	2912	24	61	65	95	143	192	247	405	525	573	411	151	20
367	2017-01-02	3085	28	96	72	106	161	170	247	456	516	626	437	152	18
368	2017-01-03	2923	33	65	68	114	117	189	235	425	526	575	419	137	20
369	2017-01-04	2973	25	74	61	126	136	177	249	431	558	546	431	136	23
370	2017-01-05	3055	23	75	85	106	141	180	236	449	531	598	447	161	23
371	2017-01-06	2979	12	77	65	110	156	169	212	474	522	585	428	152	17
372	2017-01-07	2949	25	50	54	110	135	228	218	445	492	568	461	149	14
373	2017-01-08	2954	20	63	63	103	154	181	229	439	501	570	447	158	26
374	2017-01-09	3088	29	74	70	115	140	207	257	472	536	566	473	128	21
375	2017-01-10	3256	22	65	81	106	166	191	242	501	571	615	494	180	22
376	2017-01-11	3213	28	70	70	111	146	188	269	474	577	606	488	171	15
377	2017-01-12	3145	23	71	73	115	138	213	244	431	563	609	481	162	22
378	2017-01-13	3240	20	64	64	111	152	205	240	456	561	672	523	149	23
379	2017-01-14	3079	28	76	49	105	139	187	265	433	550	602	466	149	30
380	2017-01-15	3049	21	73	86	76	139	184	237	460	515	619	467	149	23
381	2017-01-16	3036	24	75	81	124	193	184	250	428	506	545	434	170	22
382	2017-01-17	3011	20	62	64	130	158	188	240	466	530	561	419	150	23
383	2017-01-18	2956	18	66	61	95	124	173	253	461	534	559	435	161	16
384	2017-01-19	3077	23	62	59	111	140	188	255	444	513	623	461	169	29
385	2017-01-20	3073	24	67	71	100	136	211	252	463	528	584	445	168	24
386	2017-01-21	3120	25	63	75	90	135	202	225	461	544	647	470	160	23
387	2017-01-22	2963	23	55	49	106	135	187	222	433	497	597	483	146	30
388	2017-01-23	3151	18	66	70	121	167	179	238	437	545	633	466	177	34
389	2017-01-24	3226	28	73	62	109	136	203	248	466	602	648	469	152	30
390	2017-01-25	3155	24	52	59	102	172	187	265	460	549	628	463	173	21
391	2017-01-26	3196	26	72	65	106	148	152	238	465	583	642	513	164	22
392	2017-01-27	3167	19	79	59	91	139	180	276	467	566	638	438	183	32
393	2017-01-28	3114	24	55	63	100	159	182	249	484	572	590	446	164	26
394	2017-01-29	3074	31	59	64	88	133	177	228	447	542	626	491	161	27
395	2017-01-30	3404	23	77	73	143	147	215	262	524	574	663	496	172	35
396	2017-01-31	3410	23	69	69	121	125	198	277	525	606	653	546	174	24
397	2017-02-01	3290	18	62	69	110	143	195	272	472	546	678	530	161	34
398	2017-02-02	3316	18	63	62	108	153	213	249	500	561	674	514	174	27
399	2017-02-03	3535	16	64	74	136	153	227	261	481	650	725	535	190	23
400	2017-02-04	3427	35	64	83	104	140	217	263	516	628	650	536	162	29
401	2017-02-05	3258	23	54	63	117	131	193	264	475	537	667	518	196	20
402	2017-02-06	3286	25	80	89	115	128	206	241	512	582	672	449	166	21
403	2017-02-07	3338	23	65	62	102	176	206	255	491	577	642	533	182	24
404	2017-02-08	3232	24	68	66	120	141	181	267	461	566	658	503	155	22
405	2017-02-09	3217	15	83	68	91	159	182	279	481	580	618	482	155	24
406	2017-02-10	3360	24	72	81	103	145	183	238	517	593	686	486	206	26
407	2017-02-11	3168	19	74	61	100	144	207	268	451	575	618	465	165	21
408	2017-02-12	3144	19	63	71	94	134	182	233	430	573	651	482	189	23
409	2017-02-13	3298	20	69	74	111	136	183	247	526	578	653	516	153	32
410	2017-02-14	3222	22	70	72	105	137	195	267	508	548	637	488	152	21
411	2017-02-15	3292	20	78	75	105	163	170	261	519	578	631	512	150	30
412	2017-02-16	3342	21	72	69	99	173	188	237	464	625	679	520	165	30
413	2017-02-17	3268	19	71	60	109	153	204	264	504	555	600	523	181	25
414	2017-02-18	3209	27	65	72	126	140	163	249	477	596	615	479	174	26
415	2017-02-19	3052	25	64	68	96	149	174	233	438	546	603	475	159	22
416	2017-02-20	3314	24	93	75	104	141	208	255	459	567	690	479	193	26
417	2017-02-21	3221	27	52	57	108	148	199	253	490	590	648	469	149	31
418	2017-02-22	3307	23	75	57	110	159	215	269	461	581	649	525	162	21
419	2017-02-23	3351	30	80	70	124	179	243	285	456	548	623	526	165	22
420	2017-02-24	3104	26	74	56	101	125	180	247	475	540	635	478	153	14
421	2017-02-25	3025	21	65	67	93	147	161	225	447	524	631	452	172	20
422	2017-02-26	2945	25	75	50	99	121	175	225	432	538	590	442	148	25
423	2017-02-27	3131	24	67	67	127	130	182	233	439	593	600	478	170	21
424	2017-02-28	2999	15	66	65	83	153	184	236	459	551	574	429	160	24
425	2017-03-01	3121	29	89	60	111	148	187	262	457	544	622	430	160	22
426	2017-03-02	2990	15	78	64	108	139	189	218	450	523	574	450	161	21
427	2017-03-03	2944	21	82	54	87	142	190	232	432	544	559	412	166	23
428	2017-03-04	2960	28	59	69	93	121	210	225	451	522	575	405	172	30
429	2017-03-05	2785	22	79	59	97	105	170	206	411	503	544	414	156	19
430	2017-03-06	2907	25	81	78	118	154	183	230	414	510	543	384	162	25
431	2017-03-07	2724	22	67	61	92	124	204	213	383	482	504	402	150	20
432	2017-03-08	2695	14	59	64	95	122	142	234	416	508	516	376	132	17
433	2017-03-09	2758	22	57	66	109	122	189	225	401	501	544	371	125	26
434	2017-03-10	2789	20	73	77	112	129	177	234	422	436	562	391	127	29
435	2017-03-11	2659	30	64	73	76	123	161	234	373	461	500	394	151	19
436	2017-03-12	2570	23	67	53	94	123	187	196	390	450	509	340	121	17
437	2017-03-13	2680	30	73	61	97	150	164	208	422	467	499	367	121	21
438	2017-03-14	2685	29	72	66	103	128	172	244	397	487	460	370	139	18
439	2017-03-15	2662	26	54	66	116	132	157	200	448	471	472	399	106	15
440	2017-03-16	2654	26	71	54	96	154	186	198	417	418	490	403	124	17
441	2017-03-17	2667	17	63	66	100	147	171	218	418	467	508	349	123	20
442	2017-03-18	2671	19	54	55	105	114	196	208	392	485	523	373	136	11
443	2017-03-19	2646	22	78	66	83	118	160	210	378	488	465	419	142	17
444	2017-03-20	2627	19	77	75	112	117	193	218	386	445	506	354	110	15
445	2017-03-21	2604	17	54	59	108	136	183	204	399	448	507	338	135	16
446	2017-03-22	2557	24	76	64	119	126	166	191	394	421	485	339	133	19
447	2017-03-23	2572	16	57	67	98	138	164	209	390	488	444	365	119	17
448	2017-03-24	2617	16	82	56	79	128	192	219	426	473	460	342	127	17
449	2017-03-25	2501	19	56	58	87	131	144	195	381	449	501	343	115	22
450	2017-03-26	2162	26	52	54	82	111	147	170	329	381	413	290	96	11
451	2017-03-27	2548	18	58	53	81	124	186	190	379	487	520	340	103	9
452	2017-03-28	2514	27	61	66	94	101	174	220	382	432	484	338	124	11
453	2017-03-29	2573	30	65	71	104	102	166	205	405	437	490	367	116	15
454	2017-03-30	2505	26	69	62	96	130	169	185	417	446	465	319	109	12
455	2017-03-31	2587	19	51	68	102	153	191	221	383	442	478	312	147	20
456	2017-04-01	2527	13	73	72	91	133	177	179	368	468	460	363	112	18
457	2017-04-02	2477	12	71	63	101	95	134	200	405	433	482	349	115	17
458	2017-04-03	2498	31	67	65	113	134	171	204	362	437	441	348	110	15
459	2017-04-04	2418	21	51	72	94	120	154	201	380	394	462	340	107	22
460	2017-04-05	2519	13	60	53	89	130	184	229	386	432	492	330	105	16
461	2017-04-06	2370	20	61	50	92	125	186	198	351	412	441	321	102	11
462	2017-04-07	2465	21	64	76	77	123	157	209	370	454	468	321	110	15
463	2017-04-08	2417	25	52	60	89	124	147	226	363	436	452	319	107	17
464	2017-04-09	2341	21	66	54	101	123	161	175	373	378	435	319	121	14
465	2017-04-10	2483	17	85	63	119	133	153	207	401	438	444	283	118	22
466	2017-04-11	2398	19	74	63	86	136	179	191	364	405	451	319	103	8
467	2017-04-12	2474	14	61	48	103	149	171	234	377	441	425	324	108	19
468	2017-04-13	2486	22	70	58	106	125	158	190	394	471	424	335	119	14
469	2017-04-14	2375	16	65	55	80	126	145	183	357	413	458	343	117	17
470	2017-04-15	2411	27	70	64	106	118	155	195	351	436	446	319	109	15
471	2017-04-16	2274	23	59	47	101	119	148	179	338	390	433	306	113	18
472	2017-04-17	2290	27	73	53	94	106	146	205	339	380	433	325	90	19
473	2017-04-18	2431	23	60	49	104	125	145	208	375	423	446	357	105	11
474	2017-04-19	2304	29	57	65	91	123	156	196	367	399	408	300	99	14
475	2017-04-20	2387	18	55	52	89	128	162	227	404	409	446	298	92	7
476	2017-04-21	2404	23	60	70	102	130	167	196	359	428	413	329	117	10
477	2017-04-22	2428	25	58	52	85	117	173	199	388	415	456	330	124	6
478	2017-04-23	2393	21	53	64	88	122	155	203	352	418	465	345	93	14
479	2017-04-24	2499	17	69	59	109	135	149	199	375	472	457	330	116	12
480	2017-04-25	2523	18	71	67	118	141	170	218	355	481	446	309	116	13
481	2017-04-26	2544	19	60	68	91	131	155	262	369	424	509	314	125	17
482	2017-04-27	2558	22	83	60	93	146	178	208	391	425	472	353	116	11
483	2017-04-28	2606	26	71	65	99	170	172	258	369	444	432	374	108	18
484	2017-04-29	2475	22	69	59	90	137	162	203	376	434	452	330	117	24
485	2017-04-30	2429	24	70	61	87	150	139	213	374	419	425	344	104	19
486	2017-05-01	2391	20	76	61	81	119	161	199	360	381	474	328	112	19
487	2017-05-02	2508	17	75	72	93	138	190	201	376	438	440	332	116	20
488	2017-05-03	2459	25	78	65	96	130	177	176	384	408	446	344	118	12
489	2017-05-04	2496	21	76	58	97	153	174	184	370	451	455	334	108	15
490	2017-05-05	2472	16	47	72	86	129	182	238	373	421	436	345	111	16
491	2017-05-06	2431	26	60	61	95	129	185	199	365	452	440	292	111	16
492	2017-05-07	2372	26	72	65	91	126	136	186	367	404	471	308	107	13
493	2017-05-08	2460	12	73	70	98	136	179	189	413	436	424	313	108	9
494	2017-05-09	2324	15	67	61	69	128	162	198	368	415	403	314	112	12
495	2017-05-10	2455	25	69	67	104	133	162	215	342	438	449	340	101	10
496	2017-05-11	2510	16	65	66	91	119	166	211	364	450	461	350	125	26
497	2017-05-12	2588	32	69	63	109	147	179	206	382	452	481	339	113	16
498	2017-05-13	2515	17	73	62	105	132	174	222	362	438	464	331	120	15
499	2017-05-14	2491	11	77	42	93	139	158	198	427	455	436	336	109	10
500	2017-05-15	2353	21	76	63	107	124	180	209	362	370	438	279	111	13
501	2017-05-16	2475	13	57	62	97	129	173	211	380	433	479	324	103	14
502	2017-05-17	2625	31	78	71	76	142	215	199	400	454	484	341	112	22
503	2017-05-18	2593	22	67	76	90	124	185	215	391	489	492	327	106	9
504	2017-05-19	2515	24	44	70	92	126	163	198	350	450	497	365	114	22
505	2017-05-20	2342	20	65	69	105	116	137	195	362	422	427	311	92	21
506	2017-05-21	2176	25	65	49	91	105	142	156	294	408	411	310	109	11
507	2017-05-22	2346	20	80	62	99	115	160	191	361	423	429	280	112	14
508	2017-05-23	2399	25	71	70	84	131	172	196	356	456	425	296	105	12
509	2017-05-24	2392	19	58	60	109	122	168	210	351	435	412	326	114	8
510	2017-05-25	2231	26	57	74	70	105	159	174	325	392	443	296	96	14
511	2017-05-26	2442	22	55	62	100	132	179	211	374	439	452	292	106	18
512	2017-05-27	2304	23	72	52	89	134	160	176	338	391	438	312	103	16
513	2017-05-28	2337	25	52	79	79	134	166	184	344	411	406	315	123	19
514	2017-05-29	2655	17	75	71	104	134	179	239	396	433	494	370	121	22
515	2017-05-30	2534	22	67	64	101	151	157	203	371	450	473	335	128	12
516	2017-05-31	2492	22	58	64	118	122	173	216	394	445	431	313	118	18
517	2017-06-01	2326	18	70	67	86	123	161	176	363	404	435	302	108	13
518	2017-06-02	2368	23	60	54	107	128	174	197	373	427	413	296	102	14
519	2017-06-03	2306	18	64	66	78	127	147	179	330	443	439	299	105	11
520	2017-06-04	2221	20	63	66	81	109	137	193	332	397	412	301	93	17
521	2017-06-05	2137	25	54	57	96	113	127	157	324	380	424	258	112	10
522	2017-06-06	2324	25	76	63	88	128	158	182	341	401	431	302	110	19
523	2017-06-07	2273	20	62	65	115	125	161	191	340	391	379	302	106	16
524	2017-06-08	2260	22	61	76	92	128	151	208	336	388	420	273	92	13
525	2017-06-09	2385	28	69	62	86	140	178	174	339	423	439	326	97	24
526	2017-06-10	2261	20	60	54	82	118	166	180	335	419	405	298	111	13
527	2017-06-11	2206	21	75	58	107	114	156	191	316	393	387	272	105	11
528	2017-06-12	2407	17	75	63	90	124	177	192	364	412	437	333	104	19
529	2017-06-13	2302	23	63	68	98	124	138	171	354	386	432	320	109	16
530	2017-06-14	2247	23	64	46	97	120	145	192	355	398	387	324	85	11
531	2017-06-15	2394	28	57	63	91	116	189	196	368	409	419	322	121	15
532	2017-06-16	2302	20	65	53	86	125	166	191	340	423	397	338	84	14
533	2017-06-17	2171	15	48	61	97	118	153	160	337	399	386	293	91	13
534	2017-06-18	2264	16	74	65	103	122	146	159	347	379	415	308	122	8
535	2017-06-19	2335	18	83	69	99	127	167	186	351	409	404	318	96	8
536	2017-06-20	2470	22	66	59	110	129	183	204	374	415	441	338	113	16
537	2017-06-21	2342	28	71	65	100	127	152	203	357	413	389	313	110	14
538	2017-06-22	2545	22	69	50	98	157	182	213	391	444	447	360	96	16
539	2017-06-23	2551	24	67	63	80	148	186	220	376	431	475	343	122	16
540	2017-06-24	2316	19	61	64	96	134	169	175	339	416	397	308	118	20
541	2017-06-25	2260	27	64	58	92	113	147	189	316	445	378	324	94	13
542	2017-06-26	2361	18	58	50	91	132	164	210	371	414	417	308	115	13
543	2017-06-27	2281	19	66	62	96	111	159	184	352	370	444	318	88	12
544	2017-06-28	2392	27	66	50	97	135	172	193	364	417	454	284	115	18
545	2017-06-29	2355	17	74	65	110	126	160	180	365	443	396	300	105	14
546	2017-06-30	2282	18	50	65	100	127	180	177	333	389	416	307	109	11
547	2017-07-01	2218	27	52	52	90	114	161	183	330	393	395	307	98	16
548	2017-07-02	2187	27	47	37	74	110	158	199	352	377	403	306	88	9
549	2017-07-03	2309	25	78	61	100	128	186	191	348	372	435	282	90	13
550	2017-07-04	2223	16	69	62	80	123	162	179	334	388	410	294	95	11
551	2017-07-05	2366	27	60	61	92	112	186	218	356	427	391	324	102	10
552	2017-07-06	2345	20	66	62	100	107	163	200	340	440	435	287	108	17
553	2017-07-07	2523	18	59	55	95	137	164	206	382	470	459	334	120	24
554	2017-07-08	2395	21	68	63	95	117	156	208	334	439	457	312	113	12
555	2017-07-09	2263	21	56	68	80	130	142	175	342	402	435	307	92	13
556	2017-07-10	2342	24	65	58	97	120	159	187	363	423	431	283	115	17
557	2017-07-11	2373	24	63	62	81	142	179	179	363	412	446	294	116	12
558	2017-07-12	2311	17	59	62	91	142	159	219	324	404	436	283	103	12
559	2017-07-13	2138	20	63	56	78	128	168	194	339	348	380	275	80	9
560	2017-07-14	2158	17	50	64	107	122	158	177	316	384	370	276	103	14
561	2017-07-15	2180	19	73	67	73	116	165	175	342	392	376	286	85	11
562	2017-07-16	2101	17	40	58	82	125	138	156	322	398	368	278	104	15
563	2017-07-17	2246	17	57	58	89	114	157	213	339	426	380	302	86	8
564	2017-07-18	2386	17	66	54	108	134	183	186	374	409	429	293	119	14
565	2017-07-19	2384	21	56	63	93	144	177	183	362	389	475	295	115	11
566	2017-07-20	2461	19	63	60	95	142	184	211	358	447	461	289	115	17
567	2017-07-21	2406	23	52	58	102	138	170	204	380	403	430	307	117	22
568	2017-07-22	2427	17	60	58	107	108	177	198	379	400	460	324	121	18
569	2017-07-23	2279	16	60	54	95	113	174	191	344	420	411	277	111	13
570	2017-07-24	2258	21	65	65	100	115	178	181	324	374	426	296	98	15
571	2017-07-25	2248	19	53	62	100	114	163	200	371	404	364	292	97	9
572	2017-07-26	2285	17	75	69	100	133	156	178	353	404	426	265	98	11
573	2017-07-27	2317	21	68	53	92	138	146	179	362	403	458	290	100	7
574	2017-07-28	2240	27	46	59	87	115	160	177	343	404	408	307	91	16
575	2017-07-29	2354	20	64	53	89	124	140	224	376	395	418	322	115	14
576	2017-07-30	2356	23	63	58	91	134	166	187	345	442	439	297	98	13
577	2017-07-31	2332	18	75	75	87	121	190	181	335	401	415	315	108	11
578	2017-08-01	2528	14	69	69	105	137	189	181	399	453	465	326	110	11
579	2017-08-02	2394	22	77	60	93	142	168	211	357	427	420	282	120	15
580	2017-08-03	2454	19	62	49	92	142	186	171	392	428	436	329	135	13
581	2017-08-04	2374	14	53	60	118	151	168	210	352	416	418	291	109	14
582	2017-08-05	2260	23	76	56	82	106	137	205	313	381	447	299	120	15
583	2017-08-06	2152	22	59	58	69	120	149	171	343	345	422	268	112	14
584	2017-08-07	2223	20	58	52	97	122	160	209	317	392	396	274	115	11
585	2017-08-08	2414	26	65	51	91	124	187	197	373	437	415	320	109	19
586	2017-08-09	2301	18	65	45	93	128	141	195	384	394	423	294	105	16
587	2017-08-10	2261	14	57	55	89	117	176	171	347	391	406	318	99	21
588	2017-08-11	2239	25	58	51	90	116	161	187	324	389	417	287	119	15
589	2017-08-12	2172	29	59	57	94	128	161	169	305	394	395	285	87	9
590	2017-08-13	2174	23	74	51	87	119	131	196	338	363	375	293	107	17
591	2017-08-14	2293	25	59	59	79	137	181	172	334	384	422	305	124	12
592	2017-08-15	2299	16	63	58	100	126	160	213	346	409	402	268	129	9
593	2017-08-16	2469	24	71	61	82	140	173	221	396	447	410	316	114	14
594	2017-08-17	2320	24	63	73	82	101	169	165	353	412	453	314	94	17
595	2017-08-18	2414	28	71	63	88	142	184	196	334	439	425	307	128	9
596	2017-08-19	2259	21	71	59	88	132	166	192	312	409	413	284	104	8
597	2017-08-20	2095	22	52	56	70	136	168	171	305	367	373	271	88	16
598	2017-08-21	2201	21	50	62	85	103	179	199	325	396	409	258	101	13
599	2017-08-22	2206	18	60	53	81	143	183	185	279	366	421	295	106	16
600	2017-08-23	2157	22	65	52	86	98	161	170	338	354	425	285	85	16
601	2017-08-24	2391	19	58	69	92	138	144	202	355	408	456	336	102	12
602	2017-08-25	2323	15	62	55	106	131	158	198	344	430	378	321	114	11
603	2017-08-26	2377	13	61	61	85	150	158	185	367	416	456	314	93	18
604	2017-08-27	2225	21	58	78	84	123	149	181	305	384	403	324	103	12
605	2017-08-28	2282	10	53	65	99	123	183	181	334	422	408	286	105	13
606	2017-08-29	2398	26	77	61	101	145	151	206	361	416	448	283	106	17
607	2017-08-30	2484	27	63	60	91	117	180	190	359	467	456	333	126	15
608	2017-08-31	2350	20	59	62	88	138	166	194	344	449	404	297	116	13
609	2017-09-01	2205	18	51	47	101	96	149	178	311	424	438	281	99	12
610	2017-09-02	2239	27	55	56	85	109	174	174	313	401	396	339	93	17
611	2017-09-03	2106	18	61	55	79	116	138	183	307	366	403	270	97	13
612	2017-09-04	2180	15	65	57	99	125	155	174	341	378	376	284	96	15
613	2017-09-05	2231	24	66	69	107	123	154	163	331	421	400	267	90	16
614	2017-09-06	2335	22	63	61	94	122	178	199	358	375	423	294	130	16
615	2017-09-07	2233	19	57	58	86	123	190	193	336	354	429	277	94	17
616	2017-09-08	2223	11	69	64	88	117	134	193	322	414	376	305	120	10
617	2017-09-09	2314	19	65	56	84	114	159	207	314	427	431	311	116	11
618	2017-09-10	2191	17	57	61	103	97	142	176	352	410	402	266	91	17
619	2017-09-11	2341	27	63	75	93	125	179	178	368	436	425	274	84	14
620	2017-09-12	2294	14	69	54	91	106	159	202	341	437	425	300	81	15
621	2017-09-13	2334	14	50	72	77	122	159	210	379	413	444	284	103	7
622	2017-09-14	2305	24	57	58	76	123	172	205	353	380	429	294	122	12
623	2017-09-15	2284	20	75	62	97	124	165	201	359	397	392	283	103	6
624	2017-09-16	2330	22	75	47	85	108	200	191	354	402	424	312	100	10
625	2017-09-17	2259	27	40	70	87	109	150	165	374	405	395	312	117	8
626	2017-09-18	2271	26	51	67	91	133	164	199	344	367	400	319	99	11
627	2017-09-19	2382	21	80	50	90	117	167	196	389	422	421	312	102	15
628	2017-09-20	2280	24	56	56	78	131	152	224	354	386	399	293	112	15
629	2017-09-21	2420	21	67	73	76	144	151	203	342	427	454	332	117	13
630	2017-09-22	2434	25	86	53	80	130	151	190	354	433	451	335	131	15
631	2017-09-23	2392	22	69	70	88	124	166	197	349	408	460	318	110	11
632	2017-09-24	2326	14	80	62	88	113	153	191	342	457	434	272	103	17
633	2017-09-25	2379	18	64	61	72	126	156	210	334	439	452	327	109	11
634	2017-09-26	2370	24	65	63	95	109	163	170	374	411	456	309	123	8
635	2017-09-27	2428	26	65	43	94	125	198	195	353	430	470	316	98	15
636	2017-09-28	2390	26	57	45	112	109	164	219	381	461	381	303	115	17
637	2017-09-29	2490	14	59	50	102	149	162	188	397	440	458	343	117	11
638	2017-09-30	2427	22	61	62	106	92	157	197	364	430	464	331	132	9
639	2017-10-01	2263	21	56	59	92	120	135	188	339	397	415	301	122	18
640	2017-10-02	2441	16	81	67	89	142	155	187	390	423	446	316	112	17
641	2017-10-03	2342	16	57	56	97	110	137	177	358	419	420	365	112	18
642	2017-10-04	2255	22	76	59	104	107	145	213	349	369	419	283	104	5
643	2017-10-05	2470	13	50	78	101	124	176	203	353	445	473	328	107	19
644	2017-10-06	2426	25	59	71	115	142	182	180	352	455	407	305	119	14
645	2017-10-07	2404	17	62	64	91	123	169	205	336	450	423	332	112	20
646	2017-10-08	2326	16	62	55	100	109	131	189	349	436	421	331	113	14
647	2017-10-09	2424	22	62	66	100	134	176	181	361	429	415	354	105	19
648	2017-10-10	2575	13	57	75	97	151	182	203	340	461	527	337	121	11
649	2017-10-11	2465	19	59	48	75	130	168	210	371	477	443	321	124	20
650	2017-10-12	2516	16	50	56	85	127	197	200	405	447	441	351	126	15
651	2017-10-13	2599	16	61	78	89	127	187	211	399	506	465	320	129	11
652	2017-10-14	2494	21	59	66	92	111	170	193	373	450	465	355	119	20
653	2017-10-15	2397	26	59	60	105	125	145	187	368	410	488	295	115	14
654	2017-10-16	2469	15	57	53	104	112	174	190	366	464	451	350	120	13
655	2017-10-17	2446	20	73	62	85	139	172	199	370	456	450	283	120	17
656	2017-10-18	2450	25	62	56	84	128	187	213	334	455	420	365	108	13
657	2017-10-19	2494	26	67	68	101	132	172	219	344	449	451	319	128	18
658	2017-10-20	2523	23	51	77	99	129	183	211	345	460	470	334	123	18
659	2017-10-21	2439	18	59	85	91	110	155	197	377	446	423	335	128	15
660	2017-10-22	2318	22	77	70	95	125	172	191	324	374	409	334	105	20
661	2017-10-23	2345	23	64	66	101	137	166	188	317	419	430	315	101	18
662	2017-10-24	2480	26	72	58	81	111	159	211	396	464	451	346	92	13
663	2017-10-25	2489	23	67	50	93	144	166	197	371	443	471	335	118	11
664	2017-10-26	2471	21	57	68	96	131	178	205	340	442	470	332	121	10
665	2017-10-27	2434	17	65	66	103	119	168	183	387	426	433	331	122	14
666	2017-10-28	2417	15	49	68	92	124	178	212	327	422	461	337	117	15
667	2017-10-29	2423	30	62	47	70	141	175	193	338	430	455	343	127	12
668	2017-10-30	2315	16	58	65	88	123	168	187	334	409	432	315	106	14
669	2017-10-31	2319	18	50	68	83	121	149	195	361	393	393	361	114	13
670	2017-11-01	2350	15	61	64	87	121	189	166	357	429	416	313	120	12
671	2017-11-02	2388	15	61	67	94	133	165	186	334	432	422	332	126	21
672	2017-11-03	2533	23	75	62	105	136	182	207	361	461	469	327	110	15
673	2017-11-04	2467	15	51	57	103	128	150	225	384	433	460	332	110	19
674	2017-11-05	2390	18	62	58	85	124	165	192	355	415	423	350	129	14
675	2017-11-06	2434	24	61	70	106	142	172	208	352	417	423	314	127	18
676	2017-11-07	2461	18	63	53	89	120	200	208	377	430	450	327	115	11
677	2017-11-08	2425	22	58	49	79	123	172	204	360	436	470	334	104	14
678	2017-11-09	2479	20	61	72	104	120	147	196	400	445	453	325	121	15
679	2017-11-10	2567	19	56	59	93	141	193	194	354	476	526	324	120	12
680	2017-11-11	2525	18	50	62	91	123	168	202	387	465	467	340	139	13
681	2017-11-12	2480	24	60	66	94	140	162	169	388	434	464	343	120	16
682	2017-11-13	2489	19	74	66	82	153	186	188	350	461	441	344	113	12
683	2017-11-14	2578	18	57	67	94	125	173	191	384	436	490	374	152	17
684	2017-11-15	2561	19	66	71	97	140	182	198	407	454	463	339	111	14
685	2017-11-16	2528	23	67	69	97	135	174	201	377	450	459	340	118	18
686	2017-11-17	2496	24	57	63	113	137	169	200	366	440	470	343	101	13
687	2017-11-18	2493	17	66	64	89	148	185	201	357	442	455	331	125	13
688	2017-11-19	2450	14	63	74	88	109	176	205	375	473	440	301	121	11
689	2017-11-20	2501	19	70	64	90	145	200	201	344	425	458	339	131	15
690	2017-11-21	2543	17	62	63	91	131	187	201	378	447	488	365	102	11
691	2017-11-22	2708	15	65	80	107	126	178	213	394	540	486	349	139	16
692	2017-11-23	2635	20	59	80	108	159	187	201	359	455	474	370	148	15
693	2017-11-24	2533	18	65	62	92	119	156	228	358	492	494	303	130	16
694	2017-11-25	2454	24	51	54	88	122	193	215	317	460	438	355	123	14
695	2017-11-26	2303	24	73	47	83	112	162	203	310	403	458	293	119	16
696	2017-11-27	2456	18	63	71	81	124	180	183	362	438	452	357	106	21
697	2017-11-28	2633	20	66	62	109	144	164	215	409	475	479	342	129	19
698	2017-11-29	2550	19	61	61	96	145	178	208	359	463	446	372	126	16
699	2017-11-30	2579	14	77	75	82	128	186	207	417	465	443	346	129	10
700	2017-12-01	2589	19	56	59	99	127	195	198	387	485	474	367	106	17
701	2017-12-02	2525	18	59	70	89	149	201	226	334	467	435	345	117	15
702	2017-12-03	2545	24	69	67	101	114	175	200	380	434	502	348	111	20
703	2017-12-04	2613	22	67	59	99	122	186	192	409	479	491	367	109	11
704	2017-12-05	2557	15	56	86	90	139	161	218	395	444	491	330	116	16
705	2017-12-06	2601	15	63	64	88	118	176	233	382	483	475	350	136	18
706	2017-12-07	2677	33	68	76	101	108	175	221	411	483	510	349	122	20
707	2017-12-08	2614	25	69	67	104	127	178	232	377	458	478	354	125	20
708	2017-12-09	2647	29	42	52	92	128	190	234	366	478	523	357	132	24
709	2017-12-10	2586	24	68	61	102	136	175	177	393	469	487	354	128	12
710	2017-12-11	2724	24	70	62	102	130	189	246	410	505	456	372	136	22
711	2017-12-12	2692	14	62	64	95	162	166	203	413	488	508	350	151	16
712	2017-12-13	2659	22	58	73	90	131	189	213	399	498	496	347	129	14
713	2017-12-14	2705	25	56	63	120	129	179	212	411	527	503	346	119	15
714	2017-12-15	2677	17	71	65	86	129	148	226	408	519	490	376	129	13
715	2017-12-16	2640	22	61	63	96	137	168	202	399	517	497	336	128	14
716	2017-12-17	2407	18	47	56	88	117	147	186	339	458	502	307	133	9
717	2017-12-18	2609	21	61	53	95	134	181	218	393	455	479	370	133	16
718	2017-12-19	2635	15	63	62	88	144	173	206	385	487	506	347	149	10
719	2017-12-20	2626	16	65	74	100	148	176	207	385	461	501	329	150	14
720	2017-12-21	2705	18	56	59	111	155	188	221	418	480	495	357	131	16
721	2017-12-22	2772	22	63	58	95	152	175	215	412	527	516	377	144	16
722	2017-12-23	2585	18	51	59	99	146	155	185	360	491	483	396	119	23
723	2017-12-24	2570	19	46	54	88	134	170	214	393	488	460	365	130	9
724	2017-12-25	2531	17	69	59	81	134	145	206	384	466	469	366	116	19
725	2017-12-26	2611	21	52	51	80	131	194	223	375	468	465	379	151	21
726	2017-12-27	2821	36	68	71	98	139	190	202	401	495	555	410	143	13
727	2017-12-28	2649	27	64	58	92	144	200	189	371	471	501	382	131	19
728	2017-12-29	2570	23	51	58	99	123	181	190	394	471	498	342	123	17
729	2017-12-30	2712	21	62	65	93	166	195	208	392	489	517	363	125	16
730	2017-12-31	2758	20	82	57	100	133	172	221	409	453	549	409	131	22
731	2018-01-01	2665	30	76	57	94	127	192	221	362	456	530	365	142	13
732	2018-01-02	2760	21	74	69	103	129	189	229	386	477	513	406	148	16
733	2018-01-03	2870	18	64	75	101	139	187	209	420	555	538	406	142	16
734	2018-01-04	2865	21	76	64	109	154	190	202	404	537	543	399	150	16
735	2018-01-05	2875	21	62	54	101	149	192	241	397	507	577	418	137	19
736	2018-01-06	2763	21	73	55	118	143	182	211	385	503	515	407	138	12
737	2018-01-07	2544	27	67	65	102	121	158	186	368	447	490	359	140	14
738	2018-01-08	2659	22	71	70	115	137	171	212	365	474	479	390	135	18
739	2018-01-09	2589	14	57	54	101	120	160	222	384	441	492	376	153	15
740	2018-01-10	2805	27	68	59	119	145	178	225	422	505	510	401	124	22
741	2018-01-11	2705	18	76	70	108	149	201	204	376	500	497	356	136	14
742	2018-01-12	2731	20	63	56	92	158	187	215	422	480	505	368	144	21
743	2018-01-13	2679	22	69	65	93	145	173	233	398	481	461	386	142	11
744	2018-01-14	2602	25	62	74	99	131	186	193	364	484	485	340	135	24
745	2018-01-15	2754	25	89	60	98	126	190	222	416	473	541	349	145	20
746	2018-01-16	2849	17	72	70	102	162	241	186	416	513	538	371	141	20
747	2018-01-17	2731	19	73	66	97	144	173	234	405	513	488	357	151	11
748	2018-01-18	2831	28	56	66	112	145	193	223	405	533	528	385	136	21
749	2018-01-19	2803	25	64	68	109	161	182	223	440	496	484	412	124	15
750	2018-01-20	2645	17	63	68	86	148	177	200	419	466	479	378	129	15
751	2018-01-21	2574	21	64	81	94	116	157	201	386	458	485	349	144	18
752	2018-01-22	2763	17	85	62	100	154	178	212	392	514	484	404	140	21
753	2018-01-23	2761	24	72	60	116	155	170	231	401	490	480	396	155	11
754	2018-01-24	2816	34	70	68	96	142	201	199	420	533	489	406	143	15
755	2018-01-25	2796	34	51	51	109	134	194	195	401	512	583	376	136	20
756	2018-01-26	2804	14	68	63	103	163	192	226	428	488	519	405	116	19
757	2018-01-27	2640	20	60	71	99	141	160	207	364	520	491	360	130	17
758	2018-01-28	2591	27	47	45	91	116	169	206	410	445	497	372	150	16
759	2018-01-29	2897	24	69	66	115	150	210	233	433	520	537	376	152	12
760	2018-01-30	2728	33	61	68	114	149	169	218	410	497	506	351	134	18
761	2018-01-31	2878	14	72	71	108	139	183	252	443	528	497	403	151	17
762	2018-02-01	2826	21	60	77	107	134	168	222	426	504	552	388	147	20
763	2018-02-02	2811	22	66	44	108	156	204	229	421	513	502	388	144	14
764	2018-02-03	2764	24	61	74	108	124	167	186	418	510	517	405	152	18
765	2018-02-04	2654	22	60	55	87	118	189	215	376	487	513	381	136	15
766	2018-02-05	2835	29	62	68	108	142	175	257	453	514	474	383	154	16
767	2018-02-06	2784	19	59	58	98	129	182	239	430	513	487	416	142	12
768	2018-02-07	2983	30	77	56	112	156	182	267	431	576	539	383	163	11
769	2018-02-08	2887	25	59	72	110	141	190	211	421	543	524	410	164	17
770	2018-02-09	2871	20	65	66	99	112	193	239	451	520	539	385	160	22
771	2018-02-10	2872	22	60	64	110	133	169	219	450	532	531	398	167	17
772	2018-02-11	2854	27	55	47	88	140	202	232	440	516	530	419	140	18
773	2018-02-12	3012	22	81	68	107	156	207	222	454	526	558	436	157	18
774	2018-02-13	3041	27	72	76	112	148	197	230	417	553	599	435	160	15
775	2018-02-14	2965	31	80	62	101	172	196	239	433	521	534	423	151	22
776	2018-02-15	3031	17	70	93	94	149	219	230	466	568	531	401	176	17
777	2018-02-16	3105	19	59	68	100	148	223	239	432	584	591	469	151	22
778	2018-02-17	3000	26	76	60	103	135	195	256	408	532	612	412	166	19
779	2018-02-18	3100	21	62	66	112	141	189	239	454	568	554	500	178	16
780	2018-02-19	3201	16	65	97	119	174	217	261	426	573	589	448	188	28
781	2018-02-20	3237	25	85	63	119	153	205	259	419	594	603	479	215	18
782	2018-02-21	3284	19	66	78	119	155	213	279	495	611	578	472	178	21
783	2018-02-22	3291	13	75	71	108	190	218	258	451	591	641	476	177	22
784	2018-02-23	3378	26	65	63	124	142	227	265	465	647	627	507	195	25
785	2018-02-24	3269	14	75	66	131	167	201	286	468	556	594	506	190	15
786	2018-02-25	3228	17	65	74	107	164	218	265	450	541	637	503	171	16
787	2018-02-26	3457	22	69	82	118	177	219	273	493	630	661	497	195	21
788	2018-02-27	3469	21	94	72	115	167	228	286	509	631	645	500	181	20
789	2018-02-28	3590	20	69	87	111	167	215	275	523	630	681	591	200	21
790	2018-03-01	3713	25	93	89	116	179	233	304	523	709	682	515	217	28
791	2018-03-02	3703	28	85	78	125	181	252	287	549	637	689	547	216	29
792	2018-03-03	3863	19	74	63	137	184	240	280	564	703	752	608	209	30
793	2018-03-04	3740	27	80	70	118	172	233	311	535	695	671	606	204	18
794	2018-03-05	3932	29	102	81	143	188	244	306	551	698	755	591	216	28
795	2018-03-06	3881	35	83	78	134	181	272	279	535	699	771	559	217	38
796	2018-03-07	3881	26	81	83	136	181	256	302	538	710	743	565	234	26
797	2018-03-08	3722	13	72	67	123	181	241	272	520	671	740	596	197	29
798	2018-03-09	3876	19	74	85	112	192	243	289	572	719	789	550	213	19
799	2018-03-10	3749	29	65	80	121	180	236	265	537	726	710	557	218	25
800	2018-03-11	3736	21	67	96	111	171	237	254	530	665	786	564	205	29
801	2018-03-12	3741	29	81	71	150	149	238	273	525	709	720	568	214	14
802	2018-03-13	3585	23	60	82	120	165	229	304	500	668	693	530	183	28
803	2018-03-14	3522	24	73	69	127	170	224	276	507	692	650	499	192	19
804	2018-03-15	3494	21	95	67	131	177	221	258	464	668	670	495	204	23
805	2018-03-16	3524	20	63	67	115	156	236	251	517	699	656	516	206	22
806	2018-03-17	3295	22	51	64	145	153	206	273	478	587	610	489	197	20
807	2018-03-18	3224	19	68	73	92	164	203	256	456	569	628	483	181	32
808	2018-03-19	3305	19	71	84	107	154	220	248	487	591	659	490	152	23
809	2018-03-20	3309	24	65	67	134	140	226	254	445	614	626	500	190	24
810	2018-03-21	3320	17	92	65	130	172	209	230	478	586	639	479	200	23
811	2018-03-22	3269	17	58	68	97	168	240	271	470	573	643	469	171	24
812	2018-03-23	3388	17	69	53	126	153	217	286	472	594	667	529	188	17
813	2018-03-24	3249	21	68	70	128	166	218	251	471	577	588	476	190	25
814	2018-03-25	2937	28	67	63	114	132	169	227	423	528	587	421	157	21
815	2018-03-26	3086	30	64	73	117	111	208	242	467	564	602	426	165	17
816	2018-03-27	3059	22	55	65	107	154	226	221	426	541	591	471	157	23
817	2018-03-28	3192	23	71	78	103	177	178	251	454	641	582	449	163	22
818	2018-03-29	2990	22	54	58	111	136	205	234	462	545	567	435	146	15
819	2018-03-30	2902	17	54	59	104	133	177	218	426	532	531	467	162	22
820	2018-03-31	2917	20	72	60	114	142	190	219	416	548	555	411	151	19
821	2018-04-01	2760	16	72	70	86	138	171	201	425	515	512	389	146	19
822	2018-04-02	2759	19	72	63	105	153	177	198	376	526	476	418	151	25
823	2018-04-03	3002	23	70	77	124	143	177	240	422	554	560	445	154	13
824	2018-04-04	2997	28	85	51	112	146	206	234	448	532	541	434	159	21
825	2018-04-05	2909	18	82	53	94	175	195	257	414	504	535	414	155	13
826	2018-04-06	2784	21	52	69	109	150	196	212	409	490	515	406	138	17
827	2018-04-07	2787	21	66	73	111	158	185	192	404	540	523	364	139	11
828	2018-04-08	2800	33	44	61	118	132	204	229	378	498	554	384	147	18
829	2018-04-09	2810	23	63	69	96	144	212	225	407	511	506	383	153	18
830	2018-04-10	2918	18	61	59	106	144	215	225	414	563	520	416	165	12
831	2018-04-11	2780	24	64	75	107	157	173	222	391	505	504	401	136	21
832	2018-04-12	2799	22	59	62	104	152	194	219	397	471	576	383	142	18
833	2018-04-13	2736	20	52	73	114	129	163	229	385	547	495	339	171	19
834	2018-04-14	2578	22	75	51	81	115	194	206	424	468	478	312	135	17
835	2018-04-15	2544	23	63	66	101	120	156	211	382	447	488	344	134	9
836	2018-04-16	2600	19	59	58	114	116	195	194	371	475	457	394	135	13
837	2018-04-17	2624	30	64	54	100	139	188	217	411	488	439	344	131	19
838	2018-04-18	2542	18	77	58	115	136	182	214	344	478	442	336	128	14
839	2018-04-19	2547	17	65	65	110	135	180	215	370	439	461	354	121	15
840	2018-04-20	2696	24	74	76	104	144	190	211	418	486	456	379	127	7
841	2018-04-21	2479	22	57	64	101	142	161	177	339	475	458	353	114	16
842	2018-04-22	2504	24	63	53	93	124	170	182	371	460	447	364	134	19
843	2018-04-23	2512	23	64	62	108	132	164	187	342	449	476	365	127	13
844	2018-04-24	2510	14	57	63	95	121	186	193	372	489	450	336	123	11
845	2018-04-25	2508	23	61	72	102	147	193	184	351	445	460	351	105	14
846	2018-04-26	2369	21	57	63	84	143	169	207	346	414	437	304	115	9
847	2018-04-27	2380	22	55	68	90	147	167	194	379	413	424	298	115	8
848	2018-04-28	2486	24	60	48	114	123	181	216	380	428	461	311	122	18
849	2018-04-29	2328	31	50	61	82	115	154	199	355	429	421	293	125	13
850	2018-04-30	2491	17	62	61	112	120	172	202	362	461	469	315	131	7
851	2018-05-01	2459	27	67	62	94	131	166	183	370	453	419	348	126	13
852	2018-05-02	2399	14	75	56	86	131	181	190	363	452	426	305	111	9
853	2018-05-03	2392	20	51	63	113	130	173	194	366	432	435	280	128	7
854	2018-05-04	2397	19	56	65	89	134	162	216	363	429	439	288	127	10
855	2018-05-05	2454	29	71	64	95	148	163	187	353	425	456	309	135	19
856	2018-05-06	2197	19	53	56	88	105	151	164	322	414	402	306	105	12
857	2018-05-07	2422	22	83	63	134	113	168	189	355	447	393	309	129	17
858	2018-05-08	2574	19	71	56	86	137	187	223	372	496	428	342	142	15
859	2018-05-09	2646	22	66	68	96	133	191	232	403	482	474	344	122	13
860	2018-05-10	2466	25	63	54	89	126	171	197	358	436	475	317	144	11
861	2018-05-11	2387	19	69	60	89	144	175	180	354	441	424	307	113	12
862	2018-05-12	2406	18	59	51	87	131	171	190	338	425	489	331	95	21
863	2018-05-13	2325	16	60	52	93	121	148	171	335	432	437	305	142	13
864	2018-05-14	2483	20	62	66	108	128	184	183	353	436	462	360	110	11
865	2018-05-15	2483	20	67	55	102	138	180	216	359	487	423	320	109	7
866	2018-05-16	2345	18	64	68	88	142	155	178	331	429	441	307	110	14
867	2018-05-17	2362	14	51	45	113	136	173	199	326	458	433	289	110	15
868	2018-05-18	2272	13	46	59	74	99	181	187	360	427	440	275	100	11
869	2018-05-19	2363	16	61	60	87	131	176	197	298	474	413	342	93	15
870	2018-05-20	2180	24	56	45	84	124	155	164	300	391	388	317	121	11
871	2018-05-21	2184	18	50	54	85	109	169	176	295	389	409	313	109	8
872	2018-05-22	2370	16	70	56	107	125	159	193	351	431	430	325	97	10
873	2018-05-23	2462	22	70	70	83	140	174	176	366	472	458	305	111	15
874	2018-05-24	2346	17	58	50	101	137	172	159	330	445	423	323	115	16
875	2018-05-25	2478	21	64	61	103	133	182	202	358	477	451	296	121	9
876	2018-05-26	2361	28	66	71	100	122	178	173	335	462	371	337	109	9
877	2018-05-27	2312	23	68	56	98	130	166	180	322	424	446	279	107	13
878	2018-05-28	2577	19	93	66	94	127	182	236	356	412	513	329	134	16
879	2018-05-29	2600	18	58	68	106	127	196	218	351	502	460	358	121	17
880	2018-05-30	2547	26	51	72	103	142	160	208	367	457	488	330	124	19
881	2018-05-31	2399	16	53	57	91	132	154	163	348	482	416	351	123	13
882	2018-06-01	2452	17	55	56	103	113	178	198	344	464	445	346	122	11
883	2018-06-02	2296	19	58	64	88	127	171	189	319	414	387	329	117	14
884	2018-06-03	2168	19	63	65	80	115	124	187	321	396	379	273	129	17
885	2018-06-04	2356	27	64	74	99	130	180	182	342	439	397	297	107	18
886	2018-06-05	2431	19	66	65	81	132	156	201	390	405	462	322	124	8
887	2018-06-06	2358	23	65	49	93	149	148	164	327	438	430	342	116	14
888	2018-06-07	2401	29	67	66	89	130	201	186	349	428	400	314	132	10
889	2018-06-08	2481	31	68	66	83	136	171	183	368	468	435	335	125	12
890	2018-06-09	2373	17	59	62	108	113	163	189	335	479	411	296	128	13
891	2018-06-10	2314	23	57	55	84	131	162	183	355	451	390	287	123	13
892	2018-06-11	2317	12	69	57	92	128	157	178	346	425	413	312	113	15
893	2018-06-12	2196	34	55	64	97	124	168	176	340	367	399	272	96	4
894	2018-06-13	2178	18	47	59	85	120	157	191	343	362	408	283	94	11
895	2018-06-14	2212	24	53	59	95	125	145	212	342	415	374	266	93	9
896	2018-06-15	2265	19	59	52	107	141	149	186	330	399	394	320	100	9
897	2018-06-16	2307	18	55	63	89	125	183	160	330	434	429	293	109	19
898	2018-06-17	2107	25	47	76	75	125	140	166	274	404	377	295	93	10
899	2018-06-18	2273	28	60	71	103	112	161	190	341	415	401	272	109	10
900	2018-06-19	2333	26	65	62	92	134	178	192	335	416	392	317	110	14
901	2018-06-20	2348	22	70	56	87	156	167	196	342	432	394	307	109	10
902	2018-06-21	2410	15	60	74	105	153	166	193	344	422	412	334	121	11
903	2018-06-22	2191	21	59	65	85	121	133	161	321	438	379	287	110	11
904	2018-06-23	2118	28	59	51	82	109	151	176	297	418	352	277	102	16
905	2018-06-24	2170	18	60	51	76	110	141	159	331	397	408	283	120	16
906	2018-06-25	2319	22	63	70	109	151	151	209	318	407	397	312	99	11
907	2018-06-26	2356	24	57	57	79	138	169	182	351	413	448	320	107	11
908	2018-06-27	2277	20	61	57	82	125	165	174	338	460	376	298	112	9
909	2018-06-28	2442	27	59	61	101	138	174	211	329	456	436	331	107	12
910	2018-06-29	2480	24	71	56	99	137	178	177	348	472	446	346	114	12
911	2018-06-30	2399	18	67	62	100	115	155	204	375	450	425	302	110	16
912	2018-07-01	2296	20	58	62	95	135	163	184	339	414	377	332	104	13
913	2018-07-02	2229	18	66	52	112	121	135	184	340	379	403	315	88	16
914	2018-07-03	2437	22	54	61	100	139	177	195	349	442	415	351	115	17
915	2018-07-04	2423	19	48	65	101	129	162	192	341	458	422	336	135	15
916	2018-07-05	2575	34	70	61	99	135	160	208	359	485	444	375	131	14
917	2018-07-06	2428	23	56	61	103	113	156	205	337	452	462	336	118	6
918	2018-07-07	2259	18	64	56	80	133	161	199	329	386	400	324	96	13
919	2018-07-08	2271	18	57	58	79	125	183	177	328	439	394	302	97	14
920	2018-07-09	2381	26	60	52	96	136	187	193	357	409	409	329	110	17
921	2018-07-10	2317	16	70	64	93	138	177	162	339	417	421	293	116	11
922	2018-07-11	2270	20	64	48	92	127	161	193	344	422	372	303	117	7
923	2018-07-12	2404	27	77	60	96	148	181	194	349	450	403	299	106	14
924	2018-07-13	2302	26	71	58	96	102	185	181	319	402	412	309	130	11
925	2018-07-14	2192	17	59	49	89	117	166	172	286	410	436	292	89	10
926	2018-07-15	2204	18	58	52	92	106	168	188	281	389	425	300	110	17
927	2018-07-16	2452	19	63	81	103	117	183	207	344	442	459	308	111	15
928	2018-07-17	2487	32	72	65	109	134	190	203	379	419	423	332	120	9
929	2018-07-18	2348	13	70	49	77	122	181	203	309	421	429	343	116	15
930	2018-07-19	2342	23	75	59	82	126	168	178	322	414	429	307	134	25
931	2018-07-20	2453	20	54	43	92	149	204	189	359	428	427	367	105	16
932	2018-07-21	2352	17	66	41	98	111	163	191	330	429	448	317	130	11
933	2018-07-22	2268	26	53	53	87	139	156	182	332	420	390	309	110	11
934	2018-07-23	2492	14	69	69	123	149	169	206	349	425	459	342	109	9
935	2018-07-24	2422	22	66	68	80	125	159	182	371	417	448	357	111	16
936	2018-07-25	2525	21	76	65	80	123	174	186	377	472	445	341	146	19
937	2018-07-26	2674	26	67	42	104	132	162	225	358	518	507	372	138	23
938	2018-07-27	2840	23	79	60	99	158	195	243	398	543	510	370	145	17
939	2018-07-28	2885	26	67	69	91	146	186	221	420	570	528	399	142	20
940	2018-07-29	2502	25	62	57	94	122	152	185	344	522	452	332	130	25
941	2018-07-30	2731	29	78	71	112	144	184	213	387	489	518	345	143	18
942	2018-07-31	2844	23	56	66	102	152	196	234	392	464	594	410	142	13
943	2018-08-01	3005	22	67	81	126	153	216	211	424	580	540	415	151	19
944	2018-08-02	2876	22	70	67	95	142	189	216	426	511	541	426	147	24
945	2018-08-03	3053	21	78	61	126	146	228	233	419	577	587	413	147	17
946	2018-08-04	3091	24	72	67	100	134	201	248	441	594	566	460	166	18
947	2018-08-05	2771	24	56	74	107	135	185	206	379	536	513	373	168	15
948	2018-08-06	2596	16	59	61	87	152	204	204	389	471	468	337	138	10
949	2018-08-07	2878	23	76	57	95	136	213	219	425	571	493	396	156	18
950	2018-08-08	2964	37	81	71	120	146	192	205	435	533	550	422	154	18
951	2018-08-09	2896	23	62	65	92	159	185	222	435	511	582	418	126	16
952	2018-08-10	2589	26	60	67	110	123	177	208	359	478	479	346	142	14
953	2018-08-11	2321	26	56	57	94	97	177	195	347	437	424	282	115	14
954	2018-08-12	2234	15	60	63	88	113	146	189	284	419	407	320	123	7
955	2018-08-13	2557	24	60	67	108	137	172	206	378	463	449	354	128	11
956	2018-08-14	2452	18	59	48	90	137	171	198	398	452	436	327	104	14
957	2018-08-15	2307	27	55	59	83	126	179	162	327	438	422	320	98	11
958	2018-08-16	2433	21	61	52	98	108	164	212	352	451	438	329	128	19
959	2018-08-17	2433	25	76	72	87	139	181	200	367	396	432	336	111	11
960	2018-08-18	2373	20	59	60	73	141	150	194	355	440	409	325	126	21
961	2018-08-19	2335	18	56	62	89	117	169	184	338	448	429	314	99	12
962	2018-08-20	2458	24	71	65	84	137	172	208	345	454	436	342	105	15
963	2018-08-21	2397	24	71	47	110	127	170	163	344	423	460	314	130	14
964	2018-08-22	2468	24	64	54	102	115	184	197	330	464	445	365	113	11
965	2018-08-23	2575	19	62	58	113	156	183	195	376	468	478	342	115	10
966	2018-08-24	2410	18	59	57	99	135	176	189	329	462	447	318	114	7
967	2018-08-25	2212	25	51	58	85	115	155	167	295	452	392	309	102	6
968	2018-08-26	2092	24	58	54	80	107	159	163	289	362	385	293	104	14
969	2018-08-27	2317	20	72	62	93	110	174	175	363	419	410	291	116	12
970	2018-08-28	2356	16	59	54	101	147	177	189	326	426	444	294	111	12
971	2018-08-29	2311	14	51	44	96	127	168	195	307	416	453	312	115	13
972	2018-08-30	2380	25	48	72	110	111	176	177	349	443	415	331	116	7
973	2018-08-31	2230	15	57	73	89	124	153	169	306	405	410	293	121	15
974	2018-09-01	2197	15	69	53	85	121	155	185	287	411	408	292	102	14
975	2018-09-02	2209	19	46	51	68	126	159	178	324	410	407	303	113	5
976	2018-09-03	2471	21	60	62	100	105	196	201	346	477	460	308	118	17
977	2018-09-04	2427	15	58	75	98	135	183	198	306	470	409	321	137	22
978	2018-09-05	2386	26	59	65	91	122	165	198	384	446	406	296	115	13
979	2018-09-06	2379	16	55	60	99	143	158	231	308	432	440	318	107	12
980	2018-09-07	2428	22	63	44	103	135	177	200	347	434	446	345	100	12
981	2018-09-08	2153	17	53	57	88	114	175	173	282	438	379	272	97	8
982	2018-09-09	2146	17	55	55	75	106	146	188	323	393	368	278	126	16
983	2018-09-10	2281	18	63	62	95	116	139	210	319	422	427	278	123	9
984	2018-09-11	2363	30	68	60	96	124	167	168	322	452	428	325	113	10
985	2018-09-12	2449	18	66	53	98	130	183	190	359	439	444	334	125	10
986	2018-09-13	2380	16	71	57	88	139	162	184	343	466	390	343	107	14
987	2018-09-14	2420	17	60	58	91	123	183	201	368	438	451	332	87	11
988	2018-09-15	2186	31	47	42	88	115	164	183	293	437	379	281	111	15
989	2018-09-16	2213	14	64	62	77	120	158	156	309	416	406	312	107	12
990	2018-09-17	2351	26	69	70	118	123	166	165	370	424	374	326	109	11
991	2018-09-18	2476	26	63	65	86	141	194	187	347	463	432	337	127	8
992	2018-09-19	2439	21	51	64	99	133	184	225	330	436	440	323	119	14
993	2018-09-20	2553	22	59	64	82	143	178	196	362	504	453	365	115	10
994	2018-09-21	2390	19	57	64	94	133	162	177	319	439	437	337	134	18
995	2018-09-22	2153	18	46	56	78	123	152	179	313	395	361	314	108	10
996	2018-09-23	2289	23	58	58	83	140	155	185	310	424	413	297	128	15
997	2018-09-24	2308	21	55	63	90	118	168	178	341	457	386	301	121	9
998	2018-09-25	2158	12	69	55	101	118	162	163	306	374	386	287	115	10
999	2018-09-26	2315	19	52	61	95	135	181	178	335	442	383	310	111	13
1000	2018-09-27	2338	17	64	60	106	123	150	187	335	430	426	310	115	15
1001	2018-09-28	2369	22	46	49	95	119	163	191	324	466	467	309	102	16
1002	2018-09-29	2242	20	54	58	90	125	158	165	355	415	391	290	105	16
1003	2018-09-30	2239	20	46	56	85	108	170	162	313	416	397	340	105	21
1004	2018-10-01	2380	25	48	63	107	144	180	224	328	400	446	312	95	8
1005	2018-10-02	2394	28	60	63	91	113	172	187	309	454	440	339	128	10
1006	2018-10-03	2274	20	54	48	96	128	155	184	329	385	398	328	137	12
1007	2018-10-04	2390	15	64	61	109	126	178	199	307	444	437	323	121	6
1008	2018-10-05	2435	23	66	64	85	149	164	217	337	470	432	316	98	14
1009	2018-10-06	2466	21	70	63	94	134	204	202	357	473	401	316	120	11
1010	2018-10-07	2283	16	57	57	88	133	165	169	316	454	396	316	103	13
1011	2018-10-08	2338	26	62	54	94	126	165	170	348	437	430	305	113	8
1012	2018-10-09	2394	13	60	63	87	117	174	197	364	432	435	322	117	13
1013	2018-10-10	2475	29	60	66	105	135	177	195	341	448	461	306	144	8
1014	2018-10-11	2525	21	74	79	99	136	183	194	359	447	474	321	123	15
1015	2018-10-12	2455	19	64	54	79	133	169	225	366	445	444	337	109	11
1016	2018-10-13	2433	23	58	55	94	112	160	185	333	518	435	328	115	17
1017	2018-10-14	2373	30	47	51	98	120	152	195	336	443	416	349	125	11
1018	2018-10-15	2474	24	61	68	96	158	167	213	389	438	415	294	141	10
1019	2018-10-16	2411	20	53	64	111	134	152	202	356	447	423	315	119	15
1020	2018-10-17	2443	28	57	67	103	141	176	209	361	426	435	318	114	8
1021	2018-10-18	2362	15	53	68	102	120	151	166	336	433	457	345	103	13
1022	2018-10-19	2383	25	43	50	90	113	157	205	356	452	395	358	119	20
1023	2018-10-20	2254	20	54	36	107	114	178	176	324	398	404	301	129	13
1024	2018-10-21	2225	16	54	54	79	108	178	189	305	406	378	339	105	14
1025	2018-10-22	2264	12	60	60	83	123	161	173	332	426	402	312	112	8
1026	2018-10-23	2410	13	57	57	101	128	197	183	360	459	407	305	127	16
1027	2018-10-24	2415	18	57	71	93	137	152	202	362	447	414	328	115	19
1028	2018-10-25	2397	23	74	62	83	125	177	195	357	443	414	318	111	15
1029	2018-10-26	2481	30	63	62	99	137	155	208	348	470	450	323	128	8
1030	2018-10-27	2218	22	41	54	75	109	153	158	293	418	443	324	121	7
1031	2018-10-28	2423	14	71	54	109	121	162	200	320	476	434	316	134	12
1032	2018-10-29	2397	18	73	60	96	141	157	195	354	470	419	274	126	14
1033	2018-10-30	2459	19	56	62	114	122	165	196	372	467	434	323	116	13
1034	2018-10-31	2408	22	61	60	90	135	165	174	329	478	420	334	130	10
1035	2018-11-01	2398	23	52	61	105	104	167	177	369	437	442	338	111	12
1036	2018-11-02	2452	16	65	51	114	116	186	189	351	478	399	345	122	20
1037	2018-11-03	2430	21	53	45	98	147	188	188	358	468	421	324	103	16
1038	2018-11-04	2351	16	50	54	87	110	150	186	324	467	425	335	132	15
1039	2018-11-05	2569	12	65	61	101	141	203	191	366	469	455	357	131	17
1040	2018-11-06	2544	28	61	71	95	128	199	206	335	481	460	332	142	6
1041	2018-11-07	2459	15	65	53	104	145	170	199	346	450	443	338	126	5
1042	2018-11-08	2593	24	59	64	102	139	185	216	375	478	461	349	130	11
1043	2018-11-09	2532	25	51	70	102	125	179	172	354	470	435	387	144	18
1044	2018-11-10	2423	23	54	52	107	119	164	192	347	472	427	336	119	11
1045	2018-11-11	2484	18	59	49	102	128	160	216	352	467	474	324	122	13
1046	2018-11-12	2457	22	59	62	102	142	185	198	340	488	428	295	123	13
1047	2018-11-13	2476	21	66	48	103	131	172	213	384	438	419	347	127	7
1048	2018-11-14	2351	17	59	70	94	121	161	187	354	453	427	303	99	6
1049	2018-11-15	2355	15	62	54	108	127	185	195	336	414	438	310	97	14
1050	2018-11-16	2487	25	70	47	80	128	197	205	352	470	452	332	116	13
1051	2018-11-17	2335	26	48	51	95	127	149	186	324	439	439	329	110	12
1052	2018-11-18	2381	20	45	55	98	123	180	173	323	442	444	335	129	14
1053	2018-11-19	2509	23	58	66	100	139	187	185	358	485	421	346	131	10
1054	2018-11-20	2575	26	71	71	88	127	192	192	373	508	460	347	111	9
1055	2018-11-21	2535	22	68	61	85	127	178	204	378	488	463	304	143	14
1056	2018-11-22	2711	28	75	65	105	136	169	208	385	499	520	351	151	19
1057	2018-11-23	2572	25	57	63	87	134	182	173	404	501	472	316	147	11
1058	2018-11-24	2527	18	57	57	93	129	143	192	378	483	498	337	119	23
1059	2018-11-25	2356	22	52	51	99	136	138	192	304	501	427	306	113	15
1060	2018-11-26	2534	21	63	60	113	118	173	181	364	528	437	334	129	13
1061	2018-11-27	2517	16	72	72	90	113	160	202	371	486	442	364	115	14
1062	2018-11-28	2518	21	48	74	111	146	177	169	340	505	418	367	125	17
1063	2018-11-29	2690	16	69	56	85	143	190	236	378	503	486	360	151	17
1064	2018-11-30	2641	11	77	61	108	163	172	188	388	523	459	358	123	10
1065	2018-12-01	2583	17	49	58	101	148	175	193	367	513	443	374	132	13
1066	2018-12-02	2608	21	48	63	94	117	149	208	400	498	483	388	121	18
1067	2018-12-03	2718	17	66	73	114	130	187	206	373	545	502	359	134	12
1068	2018-12-04	2594	14	69	64	101	146	182	207	355	486	477	352	130	11
1069	2018-12-05	2558	24	63	67	83	123	164	220	365	483	436	388	130	12
1070	2018-12-06	2605	21	58	44	98	126	180	208	379	507	507	349	113	15
1071	2018-12-07	2761	23	66	58	103	159	183	223	375	513	472	423	144	19
1072	2018-12-08	2511	14	63	48	78	145	170	199	361	485	450	343	137	18
1073	2018-12-09	2595	16	60	56	89	112	178	199	383	500	499	342	150	11
1074	2018-12-10	2522	20	66	67	107	132	163	171	350	490	436	361	145	14
1075	2018-12-11	2622	20	76	62	90	124	178	234	383	500	461	349	129	16
1076	2018-12-12	2611	18	57	49	98	132	208	189	392	503	458	362	125	20
1077	2018-12-13	2587	21	43	51	109	133	168	218	371	498	477	368	118	12
1078	2018-12-14	2599	21	69	49	102	125	199	215	379	483	476	337	137	7
1079	2018-12-15	2508	18	60	53	96	130	181	197	357	489	444	340	133	10
1080	2018-12-16	2494	18	58	57	90	139	172	233	337	479	409	362	125	15
1081	2018-12-17	2678	17	52	59	90	135	200	233	411	500	444	390	133	14
1082	2018-12-18	2610	26	46	59	95	126	166	208	341	518	476	368	160	21
1083	2018-12-19	2744	32	80	58	118	152	191	210	375	514	460	388	149	17
1084	2018-12-20	2777	24	74	75	107	140	189	219	380	557	511	359	129	13
1085	2018-12-21	2836	25	67	61	103	155	196	213	407	557	495	383	155	19
1086	2018-12-22	2791	30	56	50	103	138	182	218	386	551	531	373	155	18
1087	2018-12-23	2554	14	52	51	93	135	163	207	334	483	478	368	165	11
1088	2018-12-24	2623	17	44	61	97	138	163	200	386	554	468	360	124	11
1089	2018-12-25	2448	17	54	50	85	117	158	181	364	483	427	365	133	14
1090	2018-12-26	2537	19	39	64	89	139	150	197	378	467	470	366	149	10
1091	2018-12-27	2616	22	57	66	96	132	184	179	368	502	437	410	147	16
1092	2018-12-28	2704	26	78	65	70	148	182	210	374	490	506	393	154	8
1093	2018-12-29	2573	20	55	49	99	134	188	190	323	500	476	393	138	8
1094	2018-12-30	2453	13	60	59	114	127	158	182	331	456	454	344	136	19
1095	2018-12-31	2579	19	45	62	101	149	173	204	345	485	474	372	133	17
